‚R,“Α’θ‹@”\•a‰@
‚U,Έ_•a“
‚X,“ΑκΎ³“ό‰@{έΗ—‰ΑZ
‚P‚S,Έ_‰Θμ‹Ζ—Γ–@
‚P‚T,Έ_‰ΘƒfƒCEƒPƒAu‘ε‹K–Ν‚Θ‚ΰ‚Μv
‚P‚X,dΗ“™—Γ—{Β‹«“Α•Κ‰ΑZ
‚Q‚Q,J•ϊ^•a‰@‹¤“―w“±—Ώ
‚Q‚R,Έ_‰Θ
‚Q‚X,Έ_‰ΘƒiƒCƒgEƒPƒA
‚R‚P,Έ_‰Θ‰‹}“ό‰@{έΗ—‰ΑZ
‚R‚T,lHδX‘ΈAlHδX‘—Γ–@
‚R‚U,–ςάΗ—w“±—Ώ
‚S‚O,‘ΜOΥ‚”gtE”AΗ‹Ξ”jΣp
‚S‚T,d“x”F’mΗ³ƒfƒCEƒPƒA—Ώ
‚S‚W,ΙaƒPƒA•a““ό‰@—Ώ
‚T‚V,—Γ—{Β‹«‰ΑZ
‚U‚P,‹j•a“
‚U‚R,Έ_‰ΘƒfƒCEƒPƒAu¬‹K–Ν‚Θ‚ΰ‚Μv
‚V‚O,‘ΜOΥ‚”g’_Ξ”jΣp
‚X‚O,—Γ—{•a“—Γ—{Β‹«‰ΑZ‚P
‚X‚P,—Γ—{•a“—Γ—{Β‹«‰ΑZ‚Q
‚X‚T,‚“x“ο’®w“±Η——Ώ
‚X‚U,έ‘ξ‚‚ργ—Γ‘‡f—Γ—Ώ
‚X‚W,lH“ΰ¨Ap
‚P‚O‚O,•β•lHS‘
‚P‚O‚S,Έ_‰ΘƒfƒCEƒiƒCƒgEƒPƒA
‚P‚P‚V,‘‡όYϊ“Α’θW’†΅—ΓΊΗ——Ώ‚P
‚P‚P‚W,Έ_‰Θ‹}«ϊ΅—Γ•a““ό‰@—Ώ‚P
‚P‚P‚X,Έ_‰Θ‹}«ϊ΅—Γ•a““ό‰@—Ώ‚Q
‚P‚Q‚S,“ο•a³ƒƒnƒrƒƒe[ƒVƒ‡ƒ“
‚P‚Q‚T,A^Χ“®νΪAp‹y‚ΡA^Χ“®νπ·p‹y‚ΡoΓ–¬“d‹Ι”²‹p
‚P‚R‚R,Έ_—Γ—{•a““ό‰@—Ώ
‚P‚S‚U,’nζγ—Γx‰‡•a‰@
‚P‚T‚Q,¶‘Μ•”•ΜΪAp
‚P‚T‚X,ƒy[ƒXƒ[ƒJ[ΪAp‹y‚Ρƒy[ƒXƒ[ƒJ[π·p
‚P‚U‚O,‘ε“®–¬ƒoƒ‹[ƒ“ƒpƒ“ƒsƒ“ƒO–@i‚h‚`‚a‚o–@j
‚P‚U‚W,S‘ƒJƒe[ƒeƒ‹–@‚Ι‚ζ‚ι”Έ‚ΜΗ“ΰ‹‹ΎΈ‰ΑZ
‚P‚U‚X,’·ϊp‘±“W“ΰ”]”gΈ
‚P‚V‚O,•β’®ν“K‡Έ
‚P‚V‚Q,”]hƒ‘•’uApi“W“ΰ“d‹ΙAp‚πά‚ήBj‹y‚Ρ”]hƒ‘•’uπ·p
‚P‚V‚R,•ϊΛό΅—Γκ”C‰ΑZ
‚Q‚O‚V,Έ_•a““ό‰@γwΗ—‰ΑZ
‚Q‚O‚W,κ—ή΄υΗ³“ό‰@γ—ΓΗ——Ώ
‚Q‚O‚X,“ΑκΎ³“ό‰@γ—ΓΗ——Ώ
‚Q‚P‚S,’Zϊ‘Ψέθp“™ξ–{—Ώ‚P
‚Q‚P‚T,’Zϊ‘Ψέθp“™ξ–{—Ώ‚Q
‚Q‚P‚V,‘hƒ‘•’uAp‹y‚Ρ‘hƒ‘•’uπ·p
‚Q‚Q‚S,ΙaƒPƒAf—Γ‰ΑZ
‚Q‚R‚P,ƒvƒƒCƒ‹[ƒ€A•Ϋηm“™‰ΑZ
‚Q‚R‚R,’nζAg¬™–ιΤE‹x“ϊf—Γ—Ώ‚P
‚Q‚R‚S,υƒgƒ|ƒOƒ‰ƒtƒB[i{έ‹¤“―——p—¦‚Q‚O“Θγj
‚Q‚R‚T,’†•_o¥‹Chƒ‚Ι‚ζ‚ι—U”­‹Ψ“d}i{έ‹¤“―——p—¦‚Q‚O“Θγj
‚Q‚R‚U,‰ζ‘f’fΗ—‰ΑZ‚P
‚Q‚R‚V,‰ζ‘f’fΗ—‰ΑZ‚Q
‚Q‚R‚W,‰“u‰ζ‘f’f
‚Q‚S‚R,ƒGƒ^ƒm[ƒ‹‚Μ‹Η’“όibσ‘Bj
‚R‚Q‚O,‚ƒGƒlƒ‹ƒM[•ϊΛό΅—Γ
‚R‚U‚X,γ—Γ•Ϋμ“ό‰@“™f—Γ—Ώ
‚R‚V‚O,—ΌSΊƒy[ƒXƒ[ƒJ[ΪAp‹y‚Ρ—ΌSΊƒy[ƒXƒ[ƒJ[π·p
‚R‚V‚P,o”η“I’†uS‹ΨΔάp
‚R‚V‚R,’θΚ•ϊΛό΅—Γ
‚R‚V‚U,ƒGƒ^ƒm[ƒ‹‚Μ‹Η’“όi•›bσ‘Bj
‚U‚O‚U,εραƒnƒCƒƒXƒN³ƒPƒA‰ΑZ
‚U‚O‚V,ƒnƒCƒƒXƒN••ΨΗ—‰ΑZ
‚U‚O‚W,”]‘²’†ƒPƒAƒ†ƒjƒbƒg“ό‰@γ—ΓΗ——Ώ
‚U‚O‚X,ƒEƒCƒ‹ƒXΎ³w“±—Ώ
‚U‚P‚O,b‘§΅—ΓΗ——Ώ
‚U‚P‚P,’nζAg¬™–ιΤE‹x“ϊf—Γ—Ώ‚Q
‚U‚P‚Q,ƒjƒRƒ`ƒ“Λ‘¶ΗΗ——Ώ
‚U‚P‚T,ƒnƒCƒƒXƒN”DY•w‹¤“―Η——Ώ(‡T)
‚U‚P‚W,¬™H•¨ƒAƒƒ‹ƒM[•‰‰ΧΈ
‚U‚Q‚W,αQ™ijƒƒnƒrƒƒe[ƒVƒ‡ƒ“—Ώ
‚U‚Q‚X,Έ_‰ΘƒVƒ‡[ƒgEƒPƒAu‘ε‹K–Ν‚Θ‚ΰ‚Μv
‚U‚R‚O,Έ_‰ΘƒVƒ‡[ƒgEƒPƒAu¬‹K–Ν‚Θ‚ΰ‚Μv
‚U‚R‚R,“―ν€‘Μ”xΪAp
‚U‚R‚S,“―νSΪAp
‚U‚R‚T,“―νS”xΪAp
‚U‚R‚U,“―ν€‘ΜΜΪAp
‚U‚R‚V,“―ν€‘ΜδXΪApA“―ν€‘ΜδXtΪAp
‚U‚R‚W,• o‹Ύ‰Ί‘O—§‘B««ξα‡θp
‚U‚S‚O,—AΗ——Ώ‡T
‚U‚S‚P,—AΗ——Ώ‡U
‚U‚S‚Q,“ό‰@H–—Γ—{i‡Tj–”‚Ν“ό‰@¶—Γ—{i‡Tj
‚U‚V‚R,’΄‹}«ϊ”]‘²’†‰ΑZ
‚U‚V‚U,Έ_‰Θ’nζΪsΐ{‰ΑZ
‚U‚V‚V,Έ_‰Θg‘Μ‡•ΉΗΗ—‰ΑZ
‚U‚V‚W,ƒnƒCƒƒXƒN”DPΗ—‰ΑZ
‚U‚W‚O,‘‡•]‰Ώ‰ΑZ
‚U‚W‚X,Έ_‰Θ‹~‹}E‡•ΉΗ“ό‰@—Ώ
‚U‚X‚O,“”A•a‡•ΉΗΗ——Ώ
‚U‚X‚Q,γ—Γ‹@νΐ‘SΗ——Ώ‚P
‚U‚X‚R,γ—Γ‹@νΐ‘SΗ——Ώ‚Q
‚U‚X‚V,β“`ƒJƒEƒ“ƒZƒƒ“ƒO‰ΑZ
‚U‚X‚W,_ow“IΈ
‚V‚O‚P,¥“®–¬‚b‚sB‰e‰ΑZ
‚V‚O‚Q,S‘‚l‚q‚hB‰e‰ΑZ
‚V‚O‚S,W’cƒRƒ~ƒ…ƒjƒP[ƒVƒ‡ƒ“—Γ–@—Ώ
‚V‚O‚T,‹­“x•Ο’²•ϊΛό΅—Γi‚h‚l‚q‚sj
‚V‚P‚R,“ΑκΎ³•a““ό‰@—Ώ‚P
‚V‚P‚S,“ΑκΎ³•a““ό‰@—Ώ‚Q
‚V‚P‚V,”F’mΗ΅—Γ•a““ό‰@—Ώ‚P
‚V‚P‚W,”F’mΗ΅—Γ•a““ό‰@—Ώ‚Q
‚V‚Q‚P,έ‘ξγw‘‡Η——Ώ‹y‚Ρ{έ“ό‹“™γw‘‡Η——Ώ
‚V‚Q‚T,ƒRƒ“ƒ^ƒNƒgƒƒ“ƒYΈ—Ώ‚P
‚V‚Q‚V,–³‹Ϋ»ά——Ώ
‚V‚Q‚W,O—‰»w—Γ–@‰ΑZ‚P
‚V‚Q‚X,O—‰»w—Γ–@‰ΑZ‚Q
‚V‚R‚O,S‘εΗΎ³ƒƒnƒrƒƒe[ƒVƒ‡ƒ“—Ώi‡Tj
‚V‚R‚P,S‘εΗΎ³ƒƒnƒrƒƒe[ƒVƒ‡ƒ“—Ώi‡Uj
‚V‚R‚Q,”]ΗΎ³“™ƒƒnƒrƒƒe[ƒVƒ‡ƒ“—Ώi‡Tj
‚V‚R‚R,”]ΗΎ³“™ƒƒnƒrƒƒe[ƒVƒ‡ƒ“—Ώi‡Uj
‚V‚R‚S,”]ΗΎ³“™ƒƒnƒrƒƒe[ƒVƒ‡ƒ“—Ώi‡Vj
‚V‚R‚V,Δ‹zνƒƒnƒrƒƒe[ƒVƒ‡ƒ“—Ώi‡Tj
‚V‚R‚W,Δ‹zνƒƒnƒrƒƒe[ƒVƒ‡ƒ“—Ώi‡Uj
‚V‚R‚X,“W`¬θpiΪ“®‚π”Ί‚¤‚ΰ‚Μ‚Ιΐ‚ιBj
‚V‚S‚O,γ{`¬piΪ“®‚π”Ί‚¤κ‡‚Ιΐ‚ιBjA‰Ί{`¬piΪ“®‚π”Ί‚¤κ‡‚Ιΐ‚ιBji•‰Θf—Γ‚Μ‚ΰ‚Μ‚π‚­j
‚V‚S‚P,¶‘Μ•”•”xΪAp
‚V‚S‚Q,—ΌΊƒy[ƒVƒ“ƒO‹@”\•t‚«A^Χ“®νΪAp‹y‚Ρ—ΌΊƒy[ƒVƒ“ƒO‹@”\•t‚«A^Χ“®νπ·p
‚V‚S‚T,“―ν€‘ΜtΪAp
‚V‚S‚U,¶‘ΜtΪAp
‚V‚S‚V,Ε“_®‚ƒGƒlƒ‹ƒM[’΄‰Ή”g—Γ–@
‚V‚S‚X,O—•ϊΛό΅—Γ‰ΑZ
‚V‚T‚O,ƒeƒƒpƒ\ƒƒW[‚Ι‚ζ‚ιp’†v‘¬•a—‘gD•W–{μ»
‚V‚U‚Q,d“xƒAƒ‹ƒR[ƒ‹Λ‘¶Η“ό‰@γ—ΓΗ—‰ΑZ
‚V‚U‚R,ΫHαQ“ό‰@γ—ΓΗ—‰ΑZ
‚V‚U‚S,‰h—{ƒTƒ|[ƒgƒ`[ƒ€‰ΑZ
‚V‚V‚T,Δ‹zƒPƒAƒ`[ƒ€‰ΑZ
‚V‚V‚V,‹~–½‹~‹}“ό‰@—Ώ‚P
‚V‚V‚W,‹~–½‹~‹}“ό‰@—Ώ‚Q
‚V‚V‚X,‹~–½‹~‹}“ό‰@—Ώ‚R
‚V‚W‚O,‹~–½‹~‹}“ό‰@—Ώ‚S
‚V‚W‚P,‹~–½‹~‹}“ό‰@—Ώi[ΐ’iK‚`‰ΑZj
‚V‚W‚Q,‹~–½‹~‹}“ό‰@—Ώi[ΐ’iK‚a‰ΑZj
‚V‚W‚R,‹~–½‹~‹}“ό‰@—Ώi‚“xγ—Γ‘Μ§‰ΑZj
‚V‚W‚S,‹~–½‹~‹}“ό‰@—Ώi¬™‰ΑZj
‚V‚W‚V,“Α’θW’†΅—ΓΊΗ——Ώi¬™‰ΑZj
‚V‚X‚O,V¶™΅—Γ‰ρ•Ί“ό‰@γ—ΓΗ——Ώ
‚V‚X‚P,¬™“ό‰@γ—ΓΗ——Ώ‚P
‚V‚X‚Q,¬™“ό‰@γ—ΓΗ——Ώ‚Q
‚V‚X‚R,¬™“ό‰@γ—ΓΗ——Ώ‚R
‚V‚X‚S,¬™“ό‰@γ—ΓΗ——Ώ‚S
‚V‚X‚T,¬™“ό‰@γ—ΓΗ——Ώ‚T
‚V‚X‚W,‹x“ϊƒƒnƒrƒƒe[ƒVƒ‡ƒ“’ρ‹‘Μ§‰ΑZ
‚V‚X‚X,ƒƒnƒrƒƒe[ƒVƒ‡ƒ“[ΐ‰ΑZ
‚W‚O‚R,‚‚ρ«αu’ΙΙaw“±Η——Ώ
‚W‚O‚U,’nζAg–ιΤE‹x“ϊf—Γ—Ώ
‚W‚P‚O,‚‚ρ΅—ΓAgv‰ζτ’θ—Ώ
‚W‚P‚P,‚‚ρ΅—ΓAgw“±—Ώ
‚W‚P‚R,Μ‰ƒCƒ“ƒ^[ƒtƒFƒƒ“΅—Γv‰ζ—Ώ
‚W‚P‚T,έ‘ξ‰t“§Νw“±Η——Ώ
‚W‚P‚U,‚g‚o‚uj_o
‚W‚P‚V,‘ΜΈΗ—‰ΑZi‚Pj
‚W‚P‚W,‘ΜΈΗ—‰ΑZi‚Qj
‚W‚P‚X,‘ΜΈΗ—‰ΑZi‚Rj
‚W‚Q‚O,‘ΜΈΗ—‰ΑZi‚Sj
‚W‚Q‚Q,‘Ω™SƒGƒR[–@
‚W‚Q‚S,“ΰ•E“_“H—U”­±
‚W‚Q‚U,O‘Sg‚b‚s‰ΑZ
‚W‚Q‚V,R««ξα‡ά•ϋΗ—‰ΑZ
‚W‚Q‚W,‰^“®νƒƒnƒrƒƒe[ƒVƒ‡ƒ“—Ώi‡Tj
‚W‚Q‚X,‰^“®νƒƒnƒrƒƒe[ƒVƒ‡ƒ“—Ώi‡Uj
‚W‚R‚O,‰^“®νƒƒnƒrƒƒe[ƒVƒ‡ƒ“—Ώi‡Vj
‚W‚R‚P,‚‚ρ³ƒƒnƒrƒƒe[ƒVƒ‡ƒ“—Ώ
‚W‚R‚R,««•FξƒZƒ“ƒ`ƒlƒ‹ƒƒ“ƒpί‰ΑZ
‚W‚R‚S,΅—Γ“Ip–ΨpiƒGƒLƒVƒ}ƒ[ƒU[‚Ι‚ζ‚ι‚ΰ‚Μj
‚W‚R‚X,• o‹Ύ‰ΊΜΨpi•”•Ψ‹y‚ΡO‘¤‹ζζΨj
‚W‚S‚O,δNγχ…³g’£p
‚W‚S‚P,–ƒΗ——Ώ‚P
‚W‚S‚Q,–ƒΗ——Ώ‚Q
‚W‚S‚R,‰ζ‘—U“±•ϊΛό΅—Γi‚h‚f‚q‚sj
‚W‚S‚S,ƒeƒƒpƒ\ƒƒW[‚Ι‚ζ‚ιp’†v‘¬Χ–Ef
‚W‚S‚X,ƒƒnƒrƒƒe[ƒVƒ‡ƒ“‘‡v‰ζ•]‰Ώ—Ώ
‚W‚T‚Q,‚b‚sB‰ei‚P‚U—ρΘγ‚U‚S—ρ–Ά–ƒ}ƒ‹ƒ`ƒXƒ‰ƒCƒX^‹@νj
‚W‚T‚R,‚b‚sB‰ei‚S—ρΘγ‚P‚U—ρ–Ά–ƒ}ƒ‹ƒ`ƒXƒ‰ƒCƒX^‹@νj
‚W‚T‚W,—L°f—Γκ”Κ•a°‰ϊ‰ΑZ
‚W‚T‚X,‹~‹}Eέ‘ξ“™x‰‡—Γ—{•a°‰ϊ‰ΑZ
‚R‚O‚O‚P,ΤO‘Ξ‰‰ΑZ‚P
‚R‚O‚O‚Q,ΤO‘Ξ‰‰ΑZ‚R
‚R‚O‚O‚U,Εζ‚θ‰ΑZi—L°f—Γ“ό‰@ξ–{—ΏE—L°f—Γ—Γ—{•a°“ό‰@ξ–{—Ώj
‚R‚O‚P‚Q,‚Q‚T‘Ξ‚P‹}«ϊΕμ•β•‘Μ§‰ΑZiΕμ•β•‚T„–Ά–j
‚R‚O‚P‚R,–ιΤ‚T‚O‘Ξ‚P‹}«ϊΕμ•β•‘Μ§‰ΑZ
‚R‚O‚P‚S,–ιΤ‚P‚O‚O‘Ξ‚P‹}«ϊΕμ•β•‘Μ§‰ΑZ
‚R‚O‚P‚U,—Γ—{•a“—Γ—{Β‹«‰ό‘P‰ΑZ‚P
‚R‚O‚P‚V,—Γ—{•a“—Γ—{Β‹«‰ό‘P‰ΑZ‚Q
‚R‚O‚P‚W,f—Γ—Γ—{•a°—Γ—{Β‹«‰ό‘P‰ΑZ
‚R‚O‚P‚X,–³‹Ϋ΅—ΓΊΗ—‰ΑZ‚P
‚R‚O‚Q‚O,–³‹Ϋ΅—ΓΊΗ—‰ΑZ‚Q
‚R‚O‚Q‚P,ΙaƒPƒAf—Γ‰ΑZi“Α’θ’nζj
‚R‚O‚Q‚Q,—L°f—ΓΙaƒPƒAf—Γ‰ΑZ
‚R‚O‚Q‚R,Έ_‰ΘƒƒGƒ]ƒ“ƒ`[ƒ€‰ΑZ
‚R‚O‚Q‚S,‰h—{ƒTƒ|[ƒgƒ`[ƒ€‰ΑZi“Α’θ’nζj
‚R‚O‚Q‚T,΄υ–h~‘Ξτ‰ΑZ‚P
‚R‚O‚Q‚U,΄υ–h~‘Ξτ‰ΑZ‚Q
‚R‚O‚Q‚V,΄υ–h~‘Ξτ’nζAg‰ΑZ
‚R‚O‚Q‚W,³ƒTƒ|[ƒg‘Μ§[ΐ‰ΑZ
‚R‚O‚Q‚X,‘ή‰@x‰‡‰ΑZ‚Q
‚R‚O‚R‚O,Έ_‰Θ‹~‹}”ΐ‘—³’nζAgΠ‰ξ‰ΑZ
‚R‚O‚R‚P,Έ_‰Θ‹~‹}”ΐ‘—³’nζAgσ“ό‰ΑZ
‚R‚O‚R‚R,•a“–ςά‹Ζ–±ΐ{‰ΑZ‚P
‚R‚O‚R‚U,¬™“Α’θW’†΅—ΓΊΗ——Ώ
‚R‚O‚R‚X,™“¶EvtϊΈ_‰Θ“ό‰@γ—ΓΗ——Ώ
‚R‚O‚S‚P,”F’mΗ–ιΤ‘Ξ‰‰ΑZi”F’mΗ΅—Γ•a““ό‰@—Ώj
‚R‚O‚S‚Q,“Α’θκ”Κ•a““ό‰@—Ώ‚P
‚R‚O‚S‚R,“Α’θκ”Κ•a““ό‰@—Ώ‚Q
‚R‚O‚S‚S,κ”Κ•a“Εμ•K—v“x•]‰Ώ‰ΑZi“Α’θκ”Κ•a““ό‰@—Ώj
‚R‚O‚S‚V,O—ΙaƒPƒAΗ——Ώ
‚R‚O‚S‚X,“”A•a“§Ν—\–hw“±Η——Ώ
‚R‚O‚T‚O,‰@“ΰƒgƒƒA[ƒWΐ{—Ώ
‚R‚O‚T‚R,O—•ϊΛόΖΛf—Γ—Ώ
‚R‚O‚T‚T,έ‘ξ—Γ—{x‰‡f—Γi‚Pj
‚R‚O‚T‚U,έ‘ξ—Γ—{x‰‡f—Γi‚Qj
‚R‚O‚T‚V,έ‘ξ—Γ—{x‰‡•a‰@i‚Pj
‚R‚O‚T‚W,έ‘ξ—Γ—{x‰‡•a‰@i‚Qj
‚R‚O‚T‚X,έ‘ξ³–K–βΕμEw“±—ΏA“―κ•¨‹Z–K–βΕμEw“±—ΏiΙaAεραƒPƒAκ–εΕμt‚Ι‚ζ‚ικ‡j
‚R‚O‚U‚O,Τ“ΰ•ΰs±‹y‚ΡƒVƒƒƒgƒ‹ƒEƒH[ƒLƒ“ƒOƒeƒXƒg
‚R‚O‚U‚P,ƒwƒbƒhƒAƒbƒvƒeƒBƒ‹ƒg±
‚R‚O‚U‚Q,ƒ[ƒrƒWƒ‡ƒ“Έ”»’f—Ώ
‚R‚O‚U‚R,‚b‚s“§‹‰Ί‹CΗx‹ΎΈ‰ΑZ
‚R‚O‚U‚S,‚b‚sB‰ei‚U‚S—ρΘγƒ}ƒ‹ƒ`ƒXƒ‰ƒCƒX^‹@νj
‚R‚O‚U‚U,‚l‚q‚hB‰ei‚RƒeƒXƒ‰Θγ‚Μ‹@νj
‚R‚O‚U‚V,‰ϊ‰ΑZiƒƒnƒrƒƒe[ƒVƒ‡ƒ“—Ώj
‚R‚O‚U‚X,RΈ_•a“Α’θ–ςά΅—Γw“±Η——Ώi΅—Γ’οR«“‡Έ’²Η΅—Γw“±Η——Ώj
‚R‚O‚V‚O,d“x”F’mΗ³ƒfƒCEƒPƒA—Ώi–ιΤƒPƒA‰ΑZj
‚R‚O‚V‚P,“§Ν‰t…Ώm•Ϋ‰ΑZ‚Q
‚R‚O‚V‚Q,ξα‡’Ε‘S“Ep
‚R‚O‚V‚R,–Τ–•t’…‘gD‚πά‚ήΙq‘ΜΨpiα“ΰ“ΰ‹‹Ύ‚π—p‚Ά‚ι‚ΰ‚Μj
‚R‚O‚V‚S,• o‹Ύ‰ΊδX‘Μ”φ•”ξα‡Ψp
‚R‚O‚V‚T,‘ϊ««ξα‡‘ε’°”S–‰Ί‘w”—£p
‚R‚O‚V‚U,tξα‡‹ΓΕEΔάpi—β“€‹ΓΕ‚Ι‚ζ‚ι‚ΰ‚Μj
‚R‚O‚V‚V,• o‹Ύ‰ΊδNγχ««ξα‡θp
‚R‚O‚V‚W,lH”A“Ή‡–ρ‹ΨAE’u·p
‚R‚O‚V‚X,“ΰ‹‹Ύ“I‘Ω”Υ•«‡Ηƒ[ƒU[Δάp
‚R‚O‚W‚O,—A“K³g—p‰ΑZ
‚R‚O‚W‚P,©Θ¶‘Μ‘gDΪ’…άμ¬p
‚R‚O‚W‚Q,lHγθ–εElHδNγχ‘Άέp‘O’u‰ΑZ
‚R‚O‚W‚R,• o‹Ύ‰Ί‘O—§‘B««ξα‡θpi“ΰ‹‹Ύθp—px‰‡‹@ν‚π—p‚Ά‚ι‚ΰ‚Μj
‚R‚O‚W‚T,‘ΜOΖΛΔ‹z«Ϊ“®‘Ξτ‰ΑZ
‚R‚O‚W‚U,’θΚ•ϊΛό΅—ΓΔ‹z«Ϊ“®‘Ξτ‰ΑZi“®‘Μ’Η”φ–@j
‚R‚O‚W‚V,•a—f’fΗ—‰ΑZ‚P
‚R‚O‚W‚W,•a—f’fΗ—‰ΑZ‚Q
‚R‚O‚X‚S,—Γ—{•a““ό‰@ξ–{—Ώ‚Pi“Α’θκ”Κ•a““ό‰@³j
‚R‚P‚T‚S,A^•β•lHS‘i”ρ”“®—¬^j
‚R‚P‚T‚T,ΤO‘Ξ‰‰ΑZ‚Q
‚R‚P‚T‚U,‚T‚O‘Ξ‚P‹}«ϊΕμ•β•‘Μ§‰ΑZ
‚R‚P‚T‚V,‚V‚T‘Ξ‚P‹}«ϊΕμ•β•‘Μ§‰ΑZ
‚R‚P‚T‚W,f—Γ—Γ—{•a°—Γ—{Β‹«‰ΑZ
‚R‚P‚U‚Q,‰ρ•ϊƒƒnƒrƒƒe[ƒVƒ‡ƒ“•a““ό‰@—Ώ‚Q
‚R‚P‚U‚R,‰ρ•ϊƒƒnƒrƒƒe[ƒVƒ‡ƒ“•a““ό‰@—Ώ‚R
‚R‚P‚U‚T,‘ή‰@’²®‰ΑZiΈ_—Γ—{•a““ό‰@—Ώj
‚R‚P‚U‚U,‘ή‰@’²®‰ΑZi”F’mΗ΅—Γ•a““ό‰@—Ώj
‚R‚P‚U‚W,έ‘ξ—Γ—{x‰‡f—Γi‚Rj
‚R‚P‚U‚X,έ‘ξ—Γ—{x‰‡•a‰@i‚Rj
‚R‚P‚V‚O,”]¥}
‚R‚P‚V‚P,‚l‚q‚hB‰ei‚PD‚TƒeƒXƒ‰Θγ‚RƒeƒXƒ‰–Ά–‚Μ‹@νj
‚R‚P‚V‚R,“§Ν‰t…Ώm•Ϋ‰ΑZ‚P
‚R‚P‚V‚S,o”η“I¥“®–¬`¬pi“ΑκƒJƒe[ƒeƒ‹‚Ι‚ζ‚ι‚ΰ‚Μj
‚R‚P‚V‚U,’θΚ•ϊΛό΅—ΓΔ‹z«Ϊ“®‘Ξτ‰ΑZi‚»‚Μ‘Όj
‚R‚P‚V‚V,•Ϋ―γ—Γ‹@ΦΤ‚ΜAg‚Ι‚ζ‚ι•a—f’f
‚R‚P‚W‚T,dΗ‰ΑZ‚PiΈ_—Γ—{•a““ό‰@—Ώj
‚R‚P‚X‚P,¥‹CƒiƒrƒQ[ƒVƒ‡ƒ“‰ΑZ
‚R‚P‚X‚Q,‘ΜOΥ‚”gδXΞ”jΣp
‚R‚P‚X‚R,oƒJƒe[ƒeƒ‹‘ε“®–¬•Ω’u·p
‚R‚P‚X‚T,’nζ•ο‡f—Γ‰ΑZ
‚R‚P‚X‚U,κ”Κ•a“‚V‘Ξ‚P“ό‰@ξ–{—Ώ
‚R‚P‚X‚W,κ”Κ•a“‚P‚O‘Ξ‚P“ό‰@ξ–{—Ώ
‚R‚P‚X‚X,κ”Κ•a“‚P‚R‘Ξ‚P“ό‰@ξ–{—Ώ
‚R‚Q‚O‚O,κ”Κ•a“‚P‚T‘Ξ‚P“ό‰@ξ–{—Ώ
‚R‚Q‚O‚P,κ”Κ•a“‚V‘Ξ‚P“ό‰@ξ–{—Ώi•½‹Ο–ι‹ΞΤ’΄‰ίΈZj
‚R‚Q‚O‚R,κ”Κ•a““ό‰@ξ–{—Ώ‚P‚O‘Ξ‚Pi•½‹Ο–ι‹ΞΤ’΄‰ίΈZj
‚R‚Q‚O‚S,κ”Κ•a““ό‰@ξ–{—Ώ‚P‚R‘Ξ‚Pi•½‹Ο–ι‹ΞΤ’΄‰ίΈZj
‚R‚Q‚O‚T,κ”Κ•a““ό‰@ξ–{—Ώ‚P‚T‘Ξ‚Pi•½‹Ο–ι‹ΞΤ’΄‰ίΈZj
‚R‚Q‚O‚U,Εμ•K—v“x‰ΑZ‚Qiκ”Κ•a“E“Α’θ‹@”\•a‰@Eκ–ε•a‰@“ό‰@ξ–{—Ώj
‚R‚Q‚O‚V,Εμ•K—v“x‰ΑZ‚Riκ”Κ•a“E“Α’θ‹@”\•a‰@Eκ–ε•a‰@“ό‰@ξ–{—Ώj
‚R‚Q‚O‚W,‚`‚c‚kΫόγ“™‘Μ§‰ΑZiκ”Κ•a“E“Α’θ‹@”\•a‰@Eκ–ε•a‰@“ό‰@ξ–{—Ώj
‚R‚Q‚O‚X,—Γ—{•a““ό‰@ξ–{—Ώ‚Qi•½‹Ο–ι‹ΞΤ’΄‰ίΈZj
‚R‚Q‚P‚O,έ‘ξ•‹A‹@”\‹­‰»‰ΑZi—Γ—{•a““ό‰@ξ–{—Ώj
‚R‚Q‚P‚P,‹j•a“‚V‘Ξ‚P“ό‰@ξ–{—Ώ
‚R‚Q‚P‚R,‹j•a“‚P‚O‘Ξ‚P“ό‰@ξ–{—Ώ
‚R‚Q‚P‚S,‹j•a“‚P‚R‘Ξ‚P“ό‰@ξ–{—Ώ
‚R‚Q‚P‚T,‹j•a“‚P‚T‘Ξ‚P“ό‰@ξ–{—Ώ
‚R‚Q‚P‚U,‹j•a“‚P‚W‘Ξ‚P“ό‰@ξ–{—Ώ
‚R‚Q‚P‚V,‹j•a“‚Q‚O‘Ξ‚P“ό‰@ξ–{—Ώ
‚R‚Q‚P‚W,‹j•a“‚V‘Ξ‚P“ό‰@ξ–{—Ώi•½‹Ο–ι‹ΞΤ’΄‰ίΈZj
‚R‚Q‚Q‚O,‹j•a“‚P‚O‘Ξ‚P“ό‰@ξ–{—Ώi•½‹Ο–ι‹ΞΤ’΄‰ίΈZj
‚R‚Q‚Q‚P,‹j•a“‚P‚R‘Ξ‚P“ό‰@ξ–{—Ώi•½‹Ο–ι‹ΞΤ’΄‰ίΈZj
‚R‚Q‚Q‚Q,‹j•a“‚P‚T‘Ξ‚P“ό‰@ξ–{—Ώi•½‹Ο–ι‹ΞΤ’΄‰ίΈZj
‚R‚Q‚Q‚R,‹j•a“‚P‚W‘Ξ‚P“ό‰@ξ–{—Ώi•½‹Ο–ι‹ΞΤ’΄‰ίΈZj
‚R‚Q‚Q‚S,‹j•a“‚Q‚O‘Ξ‚P“ό‰@ξ–{—Ώi•½‹Ο–ι‹ΞΤ’΄‰ίΈZj
‚R‚Q‚Q‚T,Έ_•a“‚P‚O‘Ξ‚P“ό‰@ξ–{—Ώ
‚R‚Q‚Q‚U,Έ_•a“‚P‚R‘Ξ‚P“ό‰@ξ–{—Ώ
‚R‚Q‚Q‚V,Έ_•a“‚P‚T‘Ξ‚P“ό‰@ξ–{—Ώ
‚R‚Q‚Q‚W,Έ_•a“‚P‚W‘Ξ‚P“ό‰@ξ–{—Ώ
‚R‚Q‚Q‚X,Έ_•a“‚Q‚O‘Ξ‚P“ό‰@ξ–{—Ώ
‚R‚Q‚R‚O,Έ_•a“‚P‚O‘Ξ‚P“ό‰@ξ–{—Ώi•½‹Ο–ι‹ΞΤ’΄‰ίΈZj
‚R‚Q‚R‚P,Έ_•a“‚P‚R‘Ξ‚P“ό‰@ξ–{—Ώi•½‹Ο–ι‹ΞΤ’΄‰ίΈZj
‚R‚Q‚R‚Q,Έ_•a“‚P‚T‘Ξ‚P“ό‰@ξ–{—Ώi•½‹Ο–ι‹ΞΤ’΄‰ίΈZj
‚R‚Q‚R‚R,Έ_•a“‚P‚W‘Ξ‚P“ό‰@ξ–{—Ώi•½‹Ο–ι‹ΞΤ’΄‰ίΈZj
‚R‚Q‚R‚S,Έ_•a“‚Q‚O‘Ξ‚P“ό‰@ξ–{—Ώi•½‹Ο–ι‹ΞΤ’΄‰ίΈZj
‚R‚Q‚R‚T,Έ_•Ϋ’•ƒm”z’u‰ΑZiΈ_•a““ό‰@ξ–{—Ώj
‚R‚Q‚R‚U,“Α’θ‹@”\•a‰@κ”Κ•a“‚V‘Ξ‚P“ό‰@ξ–{—Ώ
‚R‚Q‚R‚W,“Α’θ‹@”\•a‰@κ”Κ•a“‚P‚O‘Ξ‚P“ό‰@ξ–{—Ώ
‚R‚Q‚R‚X,“Α’θ‹@”\•a‰@‹j•a“‚V‘Ξ‚P“ό‰@ξ–{—Ώ
‚R‚Q‚S‚O,“Α’θ‹@”\•a‰@‹j•a“‚P‚O‘Ξ‚P“ό‰@ξ–{—Ώ
‚R‚Q‚S‚P,“Α’θ‹@”\•a‰@‹j•a“‚P‚R‘Ξ‚P“ό‰@ξ–{—Ώ
‚R‚Q‚S‚Q,“Α’θ‹@”\•a‰@‹j•a“‚P‚T‘Ξ‚P“ό‰@ξ–{—Ώ
‚R‚Q‚S‚R,“Α’θ‹@”\•a‰@Έ_•a“‚V‘Ξ‚P“ό‰@ξ–{—Ώ
‚R‚Q‚S‚S,“Α’θ‹@”\•a‰@Έ_•a“‚P‚O‘Ξ‚P“ό‰@ξ–{—Ώ
‚R‚Q‚S‚T,“Α’θ‹@”\•a‰@Έ_•a“‚P‚R‘Ξ‚P“ό‰@ξ–{—Ώ
‚R‚Q‚S‚U,“Α’θ‹@”\•a‰@Έ_•a“‚P‚T‘Ξ‚P“ό‰@ξ–{—Ώ
‚R‚Q‚S‚V,κ–ε•a‰@‚V‘Ξ‚P“ό‰@ξ–{—Ώ
‚R‚Q‚S‚X,κ–ε•a‰@‚P‚O‘Ξ‚P“ό‰@ξ–{—Ώ
‚R‚Q‚T‚O,κ–ε•a‰@‚P‚R‘Ξ‚P“ό‰@ξ–{—Ώ
‚R‚Q‚T‚P,αQ{έ“™‚V‘Ξ‚P“ό‰@ξ–{—Ώ
‚R‚Q‚T‚Q,αQ{έ“™‚P‚O‘Ξ‚P“ό‰@ξ–{—Ώ
‚R‚Q‚T‚R,αQ{έ“™‚P‚R‘Ξ‚P“ό‰@ξ–{—Ώ
‚R‚Q‚T‚S,αQ{έ“™‚P‚T‘Ξ‚P“ό‰@ξ–{—Ώ
‚R‚Q‚T‚T,αQ{έ“™‚V‘Ξ‚P“ό‰@ξ–{—Ώi•½‹Ο–ι‹ΞΤ’΄‰ίΈZj
‚R‚Q‚T‚U,αQ{έ“™‚P‚O‘Ξ‚P“ό‰@ξ–{—Ώi•½‹Ο–ι‹ΞΤ’΄‰ίΈZj
‚R‚Q‚T‚V,αQ{έ“™‚P‚R‘Ξ‚P“ό‰@ξ–{—Ώi•½‹Ο–ι‹ΞΤ’΄‰ίΈZj
‚R‚Q‚T‚W,αQ{έ“™‚P‚T‘Ξ‚P“ό‰@ξ–{—Ώi•½‹Ο–ι‹ΞΤ’΄‰ίΈZj
‚R‚Q‚T‚X,—L°f—Γ“ό‰@ξ–{—Ώ‚P
‚R‚Q‚U‚O,—L°f—Γ“ό‰@ξ–{—Ώ‚Q
‚R‚Q‚U‚P,—L°f—Γ“ό‰@ξ–{—Ώ‚R
‚R‚Q‚U‚Q,—L°f—Γ“ό‰@ξ–{—Ώ‚S
‚R‚Q‚U‚R,—L°f—Γ“ό‰@ξ–{—Ώ‚T
‚R‚Q‚U‚S,—L°f—Γ“ό‰@ξ–{—Ώ‚U
‚R‚Q‚U‚T,Εμ•β•”z’u‰ΑZ‚P
‚R‚Q‚U‚U,Εμ•β•”z’u‰ΑZ‚Q
‚R‚Q‚U‚V,‰h—{Η—ΐ{‰ΑZ
‚R‚Q‚U‚W,‘‡“ό‰@‘Μ§‰ΑZ‚P
‚R‚Q‚U‚X,‘‡“ό‰@‘Μ§‰ΑZ‚R
‚R‚Q‚V‚O,f—Γ^Η—‘Μ§‰ΑZ‚P
‚R‚Q‚V‚P,f—Γ^Η—‘Μ§‰ΑZ‚Q
‚R‚Q‚V‚Q,γt––±μ‹Ζ•β•‘Μ§‰ΑZ‚Pi‚P‚T‘Ξ‚Pj
‚R‚Q‚V‚R,γt––±μ‹Ζ•β•‘Μ§‰ΑZ‚Pi‚Q‚O‘Ξ‚Pj
‚R‚Q‚V‚S,γt––±μ‹Ζ•β•‘Μ§‰ΑZ‚Pi‚Q‚T‘Ξ‚Pj
‚R‚Q‚V‚T,γt––±μ‹Ζ•β•‘Μ§‰ΑZ‚Pi‚R‚O‘Ξ‚Pj
‚R‚Q‚V‚U,γt––±μ‹Ζ•β•‘Μ§‰ΑZ‚Pi‚S‚O‘Ξ‚Pj
‚R‚Q‚V‚V,γt––±μ‹Ζ•β•‘Μ§‰ΑZ‚Pi‚T‚O‘Ξ‚Pj
‚R‚Q‚V‚W,γt––±μ‹Ζ•β•‘Μ§‰ΑZ‚Pi‚V‚T‘Ξ‚Pj
‚R‚Q‚V‚X,γt––±μ‹Ζ•β•‘Μ§‰ΑZ‚Pi‚P‚O‚O‘Ξ‚Pj
‚R‚Q‚W‚O,γt––±μ‹Ζ•β•‘Μ§‰ΑZ‚Qi‚P‚T‘Ξ‚Pj
‚R‚Q‚W‚P,γt––±μ‹Ζ•β•‘Μ§‰ΑZ‚Qi‚Q‚O‘Ξ‚Pj
‚R‚Q‚W‚Q,γt––±μ‹Ζ•β•‘Μ§‰ΑZ‚Qi‚Q‚T‘Ξ‚Pj
‚R‚Q‚W‚R,γt––±μ‹Ζ•β•‘Μ§‰ΑZ‚Qi‚R‚O‘Ξ‚Pj
‚R‚Q‚W‚S,γt––±μ‹Ζ•β•‘Μ§‰ΑZ‚Qi‚S‚O‘Ξ‚Pj
‚R‚Q‚W‚T,γt––±μ‹Ζ•β•‘Μ§‰ΑZ‚Qi‚T‚O‘Ξ‚Pj
‚R‚Q‚W‚U,γt––±μ‹Ζ•β•‘Μ§‰ΑZ‚Qi‚V‚T‘Ξ‚Pj
‚R‚Q‚W‚V,γt––±μ‹Ζ•β•‘Μ§‰ΑZ‚Qi‚P‚O‚O‘Ξ‚Pj
‚R‚Q‚W‚W,‚Q‚T‘Ξ‚P‹}«ϊΕμ•β•‘Μ§‰ΑZiΕμ•β•‚T„Θγj
‚R‚Q‚W‚X,–ιΤ‚R‚O‘Ξ‚P‹}«ϊΕμ•β•‘Μ§‰ΑZ
‚R‚Q‚X‚O,ΕμEυ–ιΤ‚P‚Q‘Ξ‚P”z’u‰ΑZ‚Q
‚R‚Q‚X‚P,γ—Γΐ‘S‘Ξτ‰ΑZ‚P
‚R‚Q‚X‚Q,γ—Γΐ‘S‘Ξτ‰ΑZ‚Q
‚R‚Q‚X‚R,εραƒnƒCƒƒXƒN³ƒPƒA‰ΑZi“Α’θ’nζj
‚R‚Q‚X‚S,‘ή‰@x‰‡‰ΑZi“Α’θ’nζj
‚R‚Q‚X‚U,ƒf[ƒ^’ρo‰ΑZ‚Pi‚Q‚O‚O°Θγj
‚R‚Q‚X‚V,ƒf[ƒ^’ρo‰ΑZ‚Qi‚Q‚O‚O°Θγj
‚R‚Q‚X‚W,ƒf[ƒ^’ρo‰ΑZ‚Pi‚Q‚O‚O°–Ά–j
‚R‚Q‚X‚X,ƒf[ƒ^’ρo‰ΑZ‚Qi‚Q‚O‚O°–Ά–j
‚R‚R‚O‚O,“Α’θW’†΅—ΓΊΗ——Ώ‚P
‚R‚R‚O‚P,“Α’θW’†΅—ΓΊΗ——Ώ‚Q
‚R‚R‚O‚Q,“Α’θW’†΅—ΓΊΗ——Ώ‚R
‚R‚R‚O‚R,“Α’θW’†΅—ΓΊΗ——Ώ‚S
‚R‚R‚O‚S,ƒnƒCƒPƒAƒ†ƒjƒbƒg“ό‰@γ—ΓΗ——Ώ‚P
‚R‚R‚O‚T,ƒnƒCƒPƒAƒ†ƒjƒbƒg“ό‰@γ—ΓΗ——Ώ‚Q
‚R‚R‚O‚U,V¶™“Α’θW’†΅—ΓΊΗ——Ώ‚P
‚R‚R‚O‚V,V¶™“Α’θW’†΅—ΓΊΗ——Ώ‚Q
‚R‚R‚O‚X,‘‡όYϊ“Α’θW’†΅—ΓΊΗ——Ώ‚Q
‚R‚R‚P‚O,‰ρ•ϊƒƒnƒrƒƒe[ƒVƒ‡ƒ“•a““ό‰@—Ώ‚P
‚R‚R‚P‚P,‘Μ§‹­‰»‰ΑZ‚Pi‰ρ•ϊƒƒnƒrƒƒe[ƒVƒ‡ƒ“•a““ό‰@—Ώ‚Pj
‚R‚R‚P‚Q,’nζ•ο‡ƒPƒA•a““ό‰@—Ώ‚P
‚R‚R‚P‚R,’nζ•ο‡ƒPƒA“ό‰@γ—ΓΗ——Ώ‚P
‚R‚R‚P‚S,’nζ•ο‡ƒPƒA•a““ό‰@—Ώ‚Q
‚R‚R‚P‚T,’nζ•ο‡ƒPƒA“ό‰@γ—ΓΗ——Ώ‚Q
‚R‚R‚P‚U,’nζ•ο‡ƒPƒA•a““ό‰@—Ώ‚Pi“Α’θ’nζj
‚R‚R‚P‚V,’nζ•ο‡ƒPƒA“ό‰@γ—ΓΗ——Ώ‚Pi“Α’θ’nζj
‚R‚R‚P‚W,’nζ•ο‡ƒPƒA•a““ό‰@—Ώ‚Qi“Α’θ’nζj
‚R‚R‚P‚X,’nζ•ο‡ƒPƒA“ό‰@γ—ΓΗ——Ώ‚Qi“Α’θ’nζj
‚R‚R‚Q‚O,ΕμEυ”z’u‰ΑZi’nζ•ο‡ƒPƒA•a““ό‰@—Ώj
‚R‚R‚Q‚P,Εμ•β•”z’u‰ΑZi’nζ•ο‡ƒPƒA•a““ό‰@—Ώj
‚R‚R‚Q‚Q,Έ_‰Θ‹~‹}“ό‰@—Ώ‚P
‚R‚R‚Q‚R,Έ_‰Θ‹~‹}“ό‰@—Ώ‚Q
‚R‚R‚Q‚S,Έ_‰Θ‹}«ϊγt”z’u‰ΑZ
‚R‚R‚Q‚T,Έ_•Ϋ’•ƒm”z’u‰ΑZiΈ_—Γ—{•a““ό‰@—Ώj
‚R‚R‚Q‚U,’nζ•ο‡ƒPƒA“ό‰@γ—ΓΗ—‚Pi“Α’θκ”Κ•a““ό‰@—Ώj
‚R‚R‚Q‚V,’nζ•ο‡ƒPƒA“ό‰@γ—ΓΗ—‚Qi“Α’θκ”Κ•a““ό‰@—Ώj
‚R‚R‚R‚Q,‚‚ρ³w“±Η——Ώ‚P
‚R‚R‚R‚R,‚‚ρ³w“±Η——Ώ‚Q
‚R‚R‚R‚S,‚‚ρ³w“±Η——Ώ‚R
‚R‚R‚R‚T,O—ΙaƒPƒAΗ——Ώi“Α’θ’nζj
‚R‚R‚R‚U,ΪAγ³w“±Η——Ώi‘νΪAγj
‚R‚R‚R‚V,ΪAγ³w“±Η——Ώi‘Ά²Χ–EΪAγj
‚R‚R‚R‚W,“”A•a“§Ν—\–hw“±Η——Ώi“Α’θ’nζj
‚R‚R‚R‚X,’nζ•ο‡f—Γ—Ώ
‚R‚R‚S‚O,έ‘ξ—Γ—{ΐΡ‰ΑZ‚Pif—Γj
‚R‚R‚S‚P,έ‘ξ—Γ—{ΐΡ‰ΑZ‚Pi•a‰@j
‚R‚R‚S‚Q,έ‘ξ—Γ—{γ•ϋx‰‡•a‰@
‚R‚R‚S‚R,έ‘ξ³–K–βεραΗ—w“±—Ώ
‚R‚R‚S‚T,‚g‚o‚uj_oiΘΥƒWƒFƒmƒ^ƒCƒu‘’θj
‚R‚R‚S‚U,υƒgƒ|ƒOƒ‰ƒtƒB[i—}‚¤‚ΒΗσ‚ΜΣ•Κf’f‚Μ•β•‚Ιg—p‚·‚ι‚ΰ‚Μj
‚R‚R‚S‚X,ƒ|ƒWƒgƒƒ“’f‘wE¥‹C‹¤–ΒƒRƒ“ƒsƒ…[ƒ^[’f‘w•΅‡B‰e
‚R‚R‚T‚O,“ϋ–[—pƒRƒ“ƒsƒ…[ƒ^[’f‘w•΅‡B‰e
‚R‚R‚T‚P,”]ΗΎ³“™ƒƒnƒrƒƒe[ƒVƒ‡ƒ“—Ώi‡Tji’‚T‚Ι‹K’θ‚·‚ι{έξ€j
‚R‚R‚T‚Q,”]ΗΎ³“™ƒƒnƒrƒƒe[ƒVƒ‡ƒ“—Ώi‡Uji’‚T‚Ι‹K’θ‚·‚ι{έξ€j
‚R‚R‚T‚R,”]ΗΎ³“™ƒƒnƒrƒƒe[ƒVƒ‡ƒ“—Ώi‡Vji’‚T‚Ι‹K’θ‚·‚ι{έξ€j
‚R‚R‚T‚S,‰^“®νƒƒnƒrƒƒe[ƒVƒ‡ƒ“—Ώi‡Tji’‚T‚Ι‹K’θ‚·‚ι{έξ€j
‚R‚R‚T‚T,‰^“®νƒƒnƒrƒƒe[ƒVƒ‡ƒ“—Ώi‡Uji’‚T‚Ι‹K’θ‚·‚ι{έξ€j
‚R‚R‚T‚U,‰^“®νƒƒnƒrƒƒe[ƒVƒ‡ƒ“—Ώi‡Vji’‚T‚Ι‹K’θ‚·‚ι{έξ€j
‚R‚R‚T‚V,oϋΫζ‰ρ•‘£i‰ΑZ‚P
‚R‚R‚T‚W,”F’mΗ³ƒƒnƒrƒƒe[ƒVƒ‡ƒ“—Ώ
‚R‚R‚T‚X,”F’m—Γ–@E”F’ms“®—Γ–@‚P
‚R‚R‚U‚O,”F’m—Γ–@E”F’ms“®—Γ–@‚Q
‚R‚R‚U‚P,Έ_‰ΘdΗ³‘ϊW’†x‰‡Η——Ώ
‚R‚R‚U‚Q,γ‰Θ“_”•\‘ζ‚QΝ‘ζ‚X•”’u‚Μ’Κ‘¥‚Μ‚T‚Ιf‚°‚ι’u‚Μ‹x“ϊ‰ΑZ‚P
‚R‚R‚U‚R,γ‰Θ“_”•\‘ζ‚QΝ‘ζ‚X•”’u‚Μ’Κ‘¥‚Μ‚T‚Ιf‚°‚ι’u‚ΜΤO‰ΑZ‚P
‚R‚R‚U‚S,γ‰Θ“_”•\‘ζ‚QΝ‘ζ‚X•”’u‚Μ’Κ‘¥‚Μ‚T‚Ιf‚°‚ι’u‚Μ[–ι‰ΑZ‚P
‚R‚R‚U‚T,¥‹C‚Ι‚ζ‚ιδNγχ“™hƒ–@
‚R‚R‚U‚U,‘gDg’£ν‚Ι‚ζ‚ιΔθpi“ϋ–[iΔθpj‚Μκ‡‚Ιΐ‚ιBj
‚R‚R‚U‚V,ΪApi“ξΪAp‚πά‚ήBji©‰Ζ”|—{“ξΪAp‚Ιΐ‚ιBj
‚R‚R‚U‚W,”]ξα‡oΑ‰Ίƒ}ƒbƒsƒ“ƒO‰ΑZ
‚R‚R‚U‚X,΄”­«««”]ξα‡υό—Νw—Γ–@‰ΑZ
‚R‚R‚V‚O,ε_ohƒ‘•’uAp‹y‚Ρε_ohƒ‘•’uπ·p
‚R‚R‚V‚P,—r–ΪAp
‚R‚R‚V‚Q,—Ξ“ΰαθpi—Ξ“ΰα΅—Γ—pƒCƒ“ƒvƒ‰ƒ“ƒg‘}“όpiƒvƒ[ƒg‚Μ‚ ‚ι‚ΰ‚Μjj
‚R‚R‚V‚R,–Τ–Δp
‚R‚R‚V‚S,A^“±•β’®νΪAp
‚R‚R‚V‚T,A^“±•β’®νπ·p
‚R‚R‚V‚U,“ΰ‹‹Ύ‰Ί•@E•›•@oθp‚T^ig‘ε•›•@oθpj
‚R‚R‚V‚V,ƒQƒ‹[“UlH“ϋ–[‚π—p‚Ά‚½“ϋ–[Δpi“ϋ–[Ψγj
‚R‚R‚W‚Q,‹Ήo‹Ύ‰Ί“®–¬ΗJ‘¶•Β½p
‚R‚R‚W‚R,“ΰ‹‹Ύ‰Ί‰ΊΓ–¬α•s‘Sϊ’Κ}Ψ—£p
‚R‚R‚W‚W,• o‹Ύ‰Ίέk¬piƒXƒ[ƒuσΨ‚Ι‚ζ‚ι‚ΰ‚Μj
‚R‚R‚X‚S,• o‹Ύ‰Ί¬ΨJδNγχ««ξα‡θp
‚R‚R‚X‚T,• o‹Ύ‰Ίq‹{««ξα‡θpiq‹{‘Μ‚‚ρ‚Ιΐ‚ιBj
‚R‚R‚X‚U,‘Ω™‹ΉoE—r…oƒVƒƒƒ“ƒgp
‚R‚R‚X‚V,γ‰Θ“_”•\‘ζ‚QΝ‘ζ 10 •”θp‚Μ’Κ‘¥‚Μ 12 ‚Ιf‚°‚ιθp‚Μ‹x“ϊ‰ΑZ‚P
‚R‚R‚X‚W,γ‰Θ“_”•\‘ζ‚QΝ‘ζ 10 •”θp‚Μ’Κ‘¥‚Μ 12 ‚Ιf‚°‚ιθp‚ΜΤO‰ΑZ‚P
‚R‚R‚X‚X,γ‰Θ“_”•\‘ζ‚QΝ‘ζ 10 •”θp‚Μ’Κ‘¥‚Μ 12 ‚Ιf‚°‚ιθp‚Μ[–ι‰ΑZ‚P
‚R‚S‚O‚O,’™®©Θ—AΗ—‘Μ§‰ΑZ
‚R‚S‚O‚P,‚P‰ρό—Κ‘‰Α‰ΑZ
‚R‚S‚O‚Q,κ”Κ•a““ό‰@ξ–{—Ώi“Α•Κ“ό‰@ξ–{—Ώj
‚R‚S‚O‚R,κ”Κ•a“Εμ•K—v“x•]‰Ώ‰ΑZ
‚R‚S‚O‚S,—Γ—{•a““ό‰@ξ–{—Ώ‚Piκ”Κ•a““ό‰@³j
‚R‚S‚O‚T,—Γ—{•a““ό‰@ξ–{—Ώ‚P
‚R‚S‚O‚U,—Γ—{•a““ό‰@ξ–{—Ώ‚Q
‚R‚S‚O‚V,—Γ—{•a““ό‰@ξ–{—Ώi“Α•Κ“ό‰@ξ–{—Ώj
‚R‚S‚O‚W,‹j•a““ό‰@ξ–{—Ώi“Α•Κ“ό‰@ξ–{—Ώj
‚R‚S‚O‚X,Έ_•a““ό‰@ξ–{—Ώi“Α•Κ“ό‰@ξ–{—Ώj
‚R‚S‚P‚O,—L°f—Γ“ό‰@ξ–{—Ώi–ιΤ‹Ω‹}‘Μ§m•Ϋ‰ΑZj
‚R‚S‚P‚P,—L°f—Γ“ό‰@ξ–{—Ώiγt”z’u‚Pj
‚R‚S‚P‚Q,—L°f—Γ“ό‰@ξ–{—Ώiγt”z’u‚Qj
‚R‚S‚P‚R,—L°f—Γ“ό‰@ξ–{—ΏiΕμ”z’u‰ΑZ‚Pj
‚R‚S‚P‚S,—L°f—Γ“ό‰@ξ–{—ΏiΕμ”z’u‰ΑZ‚Qj
‚R‚S‚P‚T,—L°f—Γ“ό‰@ξ–{—Ώi–ιΤΕμ”z’u‰ΑZ‚Pj
‚R‚S‚P‚U,—L°f—Γ“ό‰@ξ–{—Ώi–ιΤΕμ”z’u‰ΑZ‚Qj
‚R‚S‚P‚V,—L°f—Γ—Γ—{•a°“ό‰@ξ–{—Ώ
‚R‚S‚P‚W,—L°f—Γ—Γ—{•a°“ό‰@ξ–{—Ώi“Α•Κ“ό‰@ξ–{—Ώj
‚R‚S‚P‚X,ƒ|ƒWƒgƒƒ“’f‘wB‰e
‚R‚S‚Q‚O,ƒ|ƒWƒgƒƒ“’f‘wB‰ei{έ‹¤“―——p—¦‚R‚O“Θγ–”‚ΝvZO‘ΞΫ•Ϋ―γ—Γ‹@Φj
‚R‚S‚Q‚P,ƒ|ƒWƒgƒƒ“’f‘wEƒRƒ“ƒsƒ…[ƒ^[’f‘w•΅‡B‰e
‚R‚S‚Q‚Q,κ”Κ•a“Εμ•K—v“x•]‰Ώ‰ΑZiκ–ε•a‰@j
‚R‚S‚Q‚R,γ‰Θ“_”•\‘ζ‚PΝ‘ζ‚Q•”“ό‰@—Ώ“™‚Μ’Κ‘¥‚W‹y‚Ρ•‰Θ“_”•\‘ζ‚PΝ‘ζ‚Q•”“ό‰@—Ώ“™’Κ‘¥‚V
‚R‚S‚Q‚S,γ‰Θ“_”•\‘ζ‚QΝ‘ζ 10 •”θp‚Μ’Κ‘¥‚Μ 16 ‚Ιf‚°‚ιθp
‚R‚S‚Q‚T,έα‘‘Άέ‹‰Ί‹@”\•]‰Ώ‰ΑZ
‚R‚S‚Q‚U,υƒgƒ|ƒOƒ‰ƒtƒB[i—}‚¤‚ΒΗσ‚ΜΣ•Κf’f‚Μ•β•‚Ιg—p‚·‚ι‚ΰ‚ΜiƒCΘO‚Μκ‡jj
‚R‚S‚Q‚V,¬™•β•lHS‘
‚R‚S‚Q‚W,κ”Κ•a“‚V‘Ξ‚P“ό‰@ξ–{—Ώi–ι‹ΞΤ“Α•Κ“ό‰@ξ–{—Ώj
‚R‚S‚Q‚X,κ”Κ•a“‚P‚O‘Ξ‚P“ό‰@ξ–{—Ώi–ι‹ΞΤ“Α•Κ“ό‰@ξ–{—Ώj
‚R‚S‚R‚O,κ”Κ•a“‚P‚R‘Ξ‚P“ό‰@ξ–{—Ώi–ι‹ΞΤ“Α•Κ“ό‰@ξ–{—Ώj
‚R‚S‚R‚P,κ”Κ•a“‚P‚T‘Ξ‚P“ό‰@ξ–{—Ώi–ι‹ΞΤ“Α•Κ“ό‰@ξ–{—Ώj
‚R‚S‚R‚Q,Εμ•K—v“x‰ΑZ‚Piκ”Κ•a“E“Α’θ‹@”\•a‰@Eκ–ε•a‰@“ό‰@ξ–{—Ώj
‚R‚S‚R‚R,—Γ—{•a““ό‰@ξ–{—Ώ‚Qi–ι‹ΞΤ“Α•Κ“ό‰@ξ–{—Ώj
‚R‚S‚R‚S,‹j•a“‚V‘Ξ‚P“ό‰@ξ–{—Ώi–ι‹ΞΤ“Α•Κ“ό‰@ξ–{—Ώj
‚R‚S‚R‚T,‹j•a“‚P‚O‘Ξ‚P“ό‰@ξ–{—Ώi–ι‹ΞΤ“Α•Κ“ό‰@ξ–{—Ώj
‚R‚S‚R‚U,‹j•a“‚P‚R‘Ξ‚P“ό‰@ξ–{—Ώi–ι‹ΞΤ“Α•Κ“ό‰@ξ–{—Ώj
‚R‚S‚R‚V,‹j•a“‚P‚T‘Ξ‚P“ό‰@ξ–{—Ώi–ι‹ΞΤ“Α•Κ“ό‰@ξ–{—Ώj
‚R‚S‚R‚W,‹j•a“‚P‚W‘Ξ‚P“ό‰@ξ–{—Ώi–ι‹ΞΤ“Α•Κ“ό‰@ξ–{—Ώj
‚R‚S‚R‚X,‹j•a“‚Q‚O‘Ξ‚P“ό‰@ξ–{—Ώi–ι‹ΞΤ“Α•Κ“ό‰@ξ–{—Ώj
‚R‚S‚S‚O,Έ_•a“‚P‚O‘Ξ‚P“ό‰@ξ–{—Ώi–ι‹ΞΤ“Α•Κ“ό‰@ξ–{—Ώj
‚R‚S‚S‚P,Έ_•a“‚P‚R‘Ξ‚P“ό‰@ξ–{—Ώi–ι‹ΞΤ“Α•Κ“ό‰@ξ–{—Ώj
‚R‚S‚S‚Q,Έ_•a“‚P‚T‘Ξ‚P“ό‰@ξ–{—Ώi–ι‹ΞΤ“Α•Κ“ό‰@ξ–{—Ώj
‚R‚S‚S‚R,Έ_•a“‚P‚W‘Ξ‚P“ό‰@ξ–{—Ώi–ι‹ΞΤ“Α•Κ“ό‰@ξ–{—Ώj
‚R‚S‚S‚S,Έ_•a“‚Q‚O‘Ξ‚P“ό‰@ξ–{—Ώi–ι‹ΞΤ“Α•Κ“ό‰@ξ–{—Ώj
‚R‚S‚S‚T,—L°f—Γ“ό‰@ξ–{—Ώέ‘ξ•‹A‹@”\‹­‰»‰ΑZ
‚R‚S‚S‚U,—L°f—Γ—Γ—{•a°“ό‰@ξ–{—Ώέ‘ξ•‹A‹@”\‹­‰»‰ΑZ
‚R‚S‚S‚V,‘‡“ό‰@‘Μ§‰ΑZ‚Q
‚R‚S‚S‚W,–ιΤΕμ‘Μ§‰ΑZ
‚R‚S‚S‚X,ΕμEυ–ιΤ‚P‚Q‘Ξ‚P”z’u‰ΑZ‚P
‚R‚S‚T‚O,ΕμEυ–ιΤ‚P‚U‘Ξ‚P”z’u‰ΑZ
‚R‚S‚T‚P,γ”­γ–ς•ig—p‘Μ§‰ΑZ‚P
‚R‚S‚T‚Q,γ”­γ–ς•ig—p‘Μ§‰ΑZ‚Q
‚R‚S‚T‚R,γ”­γ–ς•ig—p‘Μ§‰ΑZ‚R
‚R‚S‚T‚S,•a“–ςά‹Ζ–±ΐ{‰ΑZ‚Q
‚R‚S‚T‚T,‘ή‰@x‰‡‰ΑZ‚P
‚R‚S‚T‚U,‘ή‰@x‰‡‰ΑZ‚R
‚R‚S‚T‚W,’nζAgf—Γv‰ζ‰ΑZi‘ή‰@x‰‡‰ΑZj
‚R‚S‚T‚X,”F’mΗƒPƒA‰ΑZ‚P
‚R‚S‚U‚O,”F’mΗƒPƒA‰ΑZ‚Q
‚R‚S‚U‚P,Έ_Ύ³f—Γ‘Μ§‰ΑZ
‚R‚S‚U‚Q,dΗ™σ“ό‘Μ§‰ΑZ
‚R‚S‚U‚R,‘Μ§‹­‰»‰ΑZ‚Qi‰ρ•ϊƒƒnƒrƒƒe[ƒVƒ‡ƒ“•a““ό‰@—Ώ‚Pj
‚R‚S‚U‚S,’nζΪs‹@”\‹­‰»•a““ό‰@—Ώ
‚R‚S‚U‚T,dΗ‰ΑZ‚Pi’nζΪs‹@”\‹­‰»•a““ό‰@—Ώj
‚R‚S‚U‚U,t•s‘Sϊ³w“±‰ΑZ
‚R‚S‚U‚V,¬™‚©‚©‚θ‚Β‚―f—Γ—Ώ
‚R‚S‚U‚W,έ‘ξΙaƒPƒA[ΐf—ΓE•a‰@‰ΑZif—Γj
‚R‚S‚U‚X,έ‘ξ—Γ—{ΐΡ‰ΑZ‚Qif—Γj
‚R‚S‚V‚O,”r”A©—§w“±—Ώ
‚R‚S‚V‚P,’nζAgf—Γv‰ζ‰ΑZif—Γξ•ρ’ρ‹—Ώi‡Tjj
‚R‚S‚V‚Q,ΈE‰ζ‘ξ•ρ’ρ‹‰ΑZ‹y‚Ρ“dq“If—Γξ•ρ•]‰Ώ—Ώ
‚R‚S‚V‚R,έ‘ξΙaƒPƒA[ΐf—ΓE•a‰@‰ΑZi•a‰@j
‚R‚S‚V‚S,έ‘ξ—Γ—{ΐΡ‰ΑZ‚Qi•a‰@j
‚R‚S‚V‚T,έ‘ξA^•β•lHS‘i”ρ”“®—¬^jw“±Η——Ώ
‚R‚S‚V‚U,‘±“‘’θν‰ΑZ‹y‚Ρ”η‰ΊA‘±®ƒOƒ‹ƒR[ƒX‘’θ
‚R‚S‚V‚V,β“`w“IΈ
‚R‚S‚V‚W,‘Ϋ•W€ΈΗ—‰ΑZ
‚R‚S‚V‚X,’·ϊ”]”gƒrƒfƒI“―‹L^Έ‚P
‚R‚S‚W‚O,”]”gΈ”»’f—Ώ‚P
‚R‚S‚W‚P,‰“u”]”gf’f
‚R‚S‚W‚Q,ƒRƒ“ƒ^ƒNƒgƒƒ“ƒYΈ—Ώ‚Q
‚R‚S‚W‚R,ƒRƒ“ƒ^ƒNƒgƒƒ“ƒYΈ—Ώ‚R
‚R‚S‚W‚S,‚b‚sB‰ei{έ‹¤“―——p—¦‚P‚O“Θγj
‚R‚S‚W‚T,‚l‚q‚hB‰ei{έ‹¤“―——p—¦‚P‚O“Θγj
‚R‚S‚W‚U,“ϋ–[‚l‚q‚hB‰e‰ΑZ
‚R‚S‚W‚V,O—γ”­γ–ς•ig—p‘Μ§‰ΑZ‚P
‚R‚S‚W‚W,O—γ”­γ–ς•ig—p‘Μ§‰ΑZ‚Q
‚R‚S‚W‚X,oϋΫζ‰ρ•‘£i‰ΑZ‚Q
‚R‚S‚X‚O,ƒƒ“ƒp•‚ξ•΅‡“I΅—Γ—Ώ
‚R‚S‚X‚P,™“¶vtϊΈ_‰Θκ–εΗ—‰ΑZ
‚R‚S‚X‚Q,‹~‹}³Έ_‰Θp‘±x‰‡—Ώ
‚R‚S‚X‚R,”F’m—Γ–@E”F’ms“®—Γ–@‚R
‚R‚S‚X‚S,Λ‘¶ΗW’c—Γ–@
‚R‚S‚X‚T,d–O©‰Ζ’“ό
‚R‚S‚X‚U,‰Ί––½“®–¬Ύ³w“±Η—‰ΑZ
‚R‚S‚X‚V,•ΰs‰^“®’uiƒƒ{ƒbƒgƒX[ƒc‚Ι‚ζ‚ι‚ΰ‚Μj
‚R‚S‚X‚W,ΪApi“ξΪAp‚πά‚ήBji“―νΪAi”ρ¶‘Μji“―νΪAi“Ακ‚Θ‚ΰ‚Μ‚Ιΐ‚ιBjjj
‚R‚S‚X‚X,“ΰ‹‹Ύ‰Ίbσ‘B•”•ΨA‘Bξ“EopA“ΰ‹‹Ύ‰ΊƒoƒZƒhƒEbσ‘B‘S“Ei‘S“Ejpi—Ό—tjA“ΰ‹‹Ύ‰Ί•›bσ‘Biγ”η¬‘Μj‘Bξ‰ί`¬θp
‚R‚T‚O‚O,“ϋ‚‚ρƒZƒ“ƒ`ƒlƒ‹ƒƒ“ƒpί‰ΑZ‚P‹y‚ΡƒZƒ“ƒ`ƒlƒ‹ƒƒ“ƒpί¶i•Ή—pj
‚R‚T‚O‚P,“ϋ‚‚ρƒZƒ“ƒ`ƒlƒ‹ƒƒ“ƒpί‰ΑZ‚Q‹y‚ΡƒZƒ“ƒ`ƒlƒ‹ƒƒ“ƒpί¶i’P“Ζj
‚R‚T‚O‚Q,“ϋ‘B««ξα‡θpi“ϋ““ϋ—Φ‰·‘¶“ϋ–[Ψpiγόβ|s΄‚π”Ί‚ν‚Θ‚Ά‚ΰ‚Μj‹y‚Ρ“ϋ““ϋ—Φ‰·‘¶“ϋ–[Ψpiγόβ|s΄‚π”Ί‚¤‚ΰ‚Μjj
‚R‚T‚O‚R,”x««ξα‡θpi•Η‘¤E‘‘¤‹Ή–‘SΨi‰΅u–AS–‡•ΉΨ‚π”Ί‚¤‚ΰ‚Μj‚Ιΐ‚ιBj
‚R‚T‚O‚S,“ΰ‹‹Ύ‰Ί‹Ψ‘wΨJp
‚R‚T‚O‚T,i‹Ψ—R—Χ–EƒV[ƒgS•\–ΚΪAp
‚R‚T‚O‚U,• o‹Ύ‰Ί¬ΨJ”Υ“ΰƒƒ“ƒpίQs΄pA• o‹Ύ‰Ί¬ΨJγ• –ƒƒ“ƒpίQs΄pA• o‹Ύ‰Ί¬ΨJγ• –ξα‡“EopA• o‹Ύ‰Ί¬ΨJγ• –««ξα‡θpA• o‹Ύ‰Ί¬ΨJ•›t“EopA• o‹Ύ‰Ί¬ΨJt•”•ΨpA• o‹Ύ‰Ί¬ΨJt“EopA• o‹Ύ‰Ί¬ΨJ”AΗξα‡“EopA• o‹Ύ‰Ί¬ΨJt(”AΗ)««ξα‡θpA• o‹Ύ‰Ί¬ΨJδNγχξα‡“Eop‹y‚Ρ• o‹Ύ‰Ί¬ΨJ‘O—§‘B««ξα‡θp
‚R‚T‚O‚V,’_Η««ξα‡θpiδX“\“ρw’°Ψ‹y‚ΡΜΨi—tΘγj‚π”Ί‚¤‚ΰ‚Μ‚Ιΐ‚ιBj
‚R‚T‚O‚W,• o‹Ύ‰ΊδX“\“ρw’°Ψp
‚R‚T‚O‚X,• o‹Ύ‰Ίt««ξα‡θpi“ΰ‹‹Ύθp—px‰‡‹@ν‚π—p‚Ά‚ι‚ΰ‚Μj
‚R‚T‚P‚O,• o‹Ύ‰ΊεδSΕ’θp
‚R‚T‚P‚P,“€‹•Ϋ‘¶“―ν‘gD‰ΑZ
‚R‚T‚P‚Q,—±qό΅—Γ
‚R‚T‚P‚R,—±qό΅—Γ“K‰”»’θ‰ΑZ
‚R‚T‚P‚S,—±qό΅—ΓγwΗ—‰ΑZ
‚R‚T‚P‚T,‰ζ‘—U“±–§••¬όΉ΅—Γ‰ΑZ
‚R‚T‚P‚U,—Γ—{•a““ό‰@ξ–{—Ώ‚Qi’‚P‚P‚ΙW‚ι“Νoj
‚R‚T‚P‚V,• o‹Ύ‰ΊΜΨpi‹ζζΨA‚P‹ζζΨiO‘¤‹ζζΨ‚π‚­BjA‚Q‹ζζΨ‹y‚Ρ‚R‹ζζΨΘγ‚Μ‚ΰ‚Μj
‚R‚T‚P‚W,lH’†¨Ap
‚R‚T‚Q‚O,ƒjƒRƒ`ƒ“Λ‘¶ΗΗ——Ώi΅—Γ‚Μ•½‹Οp‘±‰ρ”‚Q‰ρΘγj
‚W‚O‚O‚P,κ”Κ•a““Α•Κ“ό‰@ξ–{—Ώi³‚Μ—v‚Ι‚ζ‚θZ’θ‚·‚ι‚ΰ‚Μji–Όρ‚ΉƒR[ƒhj
‚W‚O‚O‚Q,‹j•a““Α•Κ“ό‰@ξ–{—Ώi³‚Μ—v‚Ι‚ζ‚θZ’θ‚·‚ι‚ΰ‚Μji–Όρ‚ΉƒR[ƒhj
‚W‚O‚O‚R,‹j•a““ό‰@ξ–{—Ώi“Α•Κ“ό‰@ξ–{—Ώ“™ΘOji–Όρ‚ΉƒR[ƒhj
‚W‚O‚O‚T,Έ_•a““ό‰@ξ–{—Ώi“Α•Κ“ό‰@ξ–{—Ώ“™ΘOji–Όρ‚ΉƒR[ƒhj
‚W‚O‚O‚U,αQ{έ“™“ό‰@ξ–{—Ώi“Α•Κ“ό‰@ξ–{—Ώ“™ά‚ήji–Όρ‚ΉƒR[ƒhj
‚W‚O‚O‚W,”]ΗΎ³“™ƒƒnƒrƒƒe[ƒVƒ‡ƒ“—Ώi‚Qj–”‚Νi‚Rji’‚T‚Ι‹K’θ‚·‚ι{έξ€ji–Όρ‚ΉƒR[ƒhj
‚W‚O‚O‚X,‰^“®νƒƒnƒrƒƒe[ƒVƒ‡ƒ“—Ώi‚PjAi‚Qj–”‚Νi‚Rji’‚T‚Ι‹K’θ‚·‚ι{έξ€ji–Όρ‚ΉƒR[ƒhj
‚W‚O‚P‚O,—Γ—{•a““ό‰@ξ–{—Ώ‚P“ό‰@ξ–{—Ώ‚hi³‚Μ—v‚Ι‚ζ‚θZ’θ‚·‚ι‚ΰ‚Μji–Όρ‚ΉƒR[ƒhj
‚W‚O‚P‚P,Έ_•a“‚P‚T‘Ξ‚P“ό‰@ξ–{—Ώi³‚Μ—v‚Ι‚ζ‚θZ’θ‚·‚ι‚ΰ‚Μji–Όρ‚ΉƒR[ƒhj
‚W‚O‚P‚Q,—Γ—{•a““ό‰@ξ–{—Ώ‚Q“ό‰@ξ–{—Ώ‚hi³‚Μ—v‚Ι‚ζ‚θZ’θ‚·‚ι‚ΰ‚Μji–Όρ‚ΉƒR[ƒhj
‚W‚O‚P‚R,Έ_•a““ό‰@ξ–{—Ώi“Α•Κ“ό‰@ξ–{—Ώ“™ji–Όρ‚ΉƒR[ƒhj
‚W‚O‚P‚S,ƒfƒ“ƒOƒEƒCƒ‹ƒXR΄’θ«i–Όρ‚ΉƒR[ƒhj
‚W‚O‚P‚T,—Γ—{•a““ό‰@ξ–{—Ώ  ’‚Wi–Όρ‚ΉƒR[ƒhj
‚W‚O‚P‚U,O—ƒƒnƒrƒƒe[ƒVƒ‡ƒ“f—Γ—Ώi–Όρ‚ΉƒR[ƒhj
‚W‚O‚P‚V,o”η“I‘ε“®–¬Υ’fp‹y‚Ρƒ_ƒ[ƒWƒRƒ“ƒgƒ[ƒ‹θpi–Όρ‚ΉƒR[ƒhj
‚W‚O‚P‚W,κ”Κ•a““Α•Κ“ό‰@ξ–{—Ώ“™i–Όρ‚ΉƒR[ƒhj
‚W‚W‚O,“ό‰@‘ΞΫ“ό‰@γwΗ——Ώ
‚W‚W‚P,’Κ‰@‘ΞΫ’Κ‰@γwΗ——Ώ
‚W‚W‚Q,γ—ΓΟ@Έ_‰Θμ‹Ζ—Γ–@
‚W‚W‚R,γ—ΓΟ@Έ_‰ΘƒfƒCEƒPƒAu‘ε‹K–Ν‚Θ‚ΰ‚Μv
‚W‚W‚S,γ—ΓΟ@Έ_‰ΘƒfƒCEƒPƒAu¬‹K–Ν‚Θ‚ΰ‚Μv
‚W‚W‚T,γ—ΓΟ@Έ_‰ΘƒiƒCƒgEƒPƒA
‚W‚W‚U,γ—ΓΟ@Έ_‰ΘƒfƒCEƒiƒCƒgEƒPƒA
‚W‚W‚V,γ—ΓΟ@Έ_‰ΘƒVƒ‡[ƒgEƒPƒAu‘ε‹K–Ν‚Θ‚ΰ‚Μv
‚W‚W‚W,γ—ΓΟ@Έ_‰ΘƒVƒ‡[ƒgEƒPƒAu¬‹K–Ν‚Θ‚ΰ‚Μv
‚W‚W‚X,’Κ‰@‘ΞΫΠ‰ο•‹A‘Μ§‹­‰»‰ΑZ
‚W‚X‚P,γ—ΓΟ@΅—Γ’οR«“‡Έ’²Η΅—Γw“±Η——Ώ
‚W‚X‚T,γ—ΓΟ@”F’m—Γ–@E”F’ms“®—Γ–@ƒ
‚W‚X‚U,γ—ΓΟ@”F’m—Γ–@E”F’ms“®—Γ–@ƒn
‚W‚X‚V,γ—ΓΟ@”F’m—Γ–@E”F’ms“®—Γ–@ƒC
‚W‚X‚W,γ—ΓΟ@™“¶vtϊΈ_‰Θκ–εΗ—‰ΑZ
‚W‚X‚X,γ—ΓΟ@Λ‘¶ΗW’c—Γ–@
‚P‚R‚O‚T,ƒNƒ‰ƒEƒ“EƒuƒƒbƒWΫΗ——Ώ
‚P‚R‚O‚U,{ϋo‹@”\f’f—Ώ
‚P‚R‚P‚O,•‰Θ΅—Γ‘‡γ—ΓΗ——Ώ(‡T)‹y‚Ρi‡Uj
‚P‚R‚P‚P,’nζγ—ΓAg‘Μ§‰ΑZ
‚P‚R‚P‚R,’nζ•‰Θf—Γx‰‡•a‰@•‰Θ‰f—Ώ
‚P‚R‚P‚T,•‰Θ‹Έ³f’f—Ώ
‚P‚R‚P‚V,•‰ΘO—f—ΓΒ‹«‘Μ§‰ΑZ
‚P‚R‚P‚W,’nζ•‰Θf—Γx‰‡•a‰@“ό‰@‰ΑZ
‚P‚R‚P‚X,γ—Γ‹@νΐ‘SΗ——Ώi•‰Θj
‚P‚R‚Q‚O,έ‘ξ—Γ—{x‰‡•‰Θf—Γ
‚P‚R‚Q‚P,‚¤I•–³’Ι“Iβ|“΄`¬‰ΑZ
‚P‚R‚Q‚Q,•ό‘gDΔ¶—U“±θp
‚P‚R‚Q‚T,θp•–Κƒ[ƒU[‰—p‰ΑZ
‚P‚R‚Q‚U,•‰Θ‹ZH‰ΑZ‚P‹y‚Ρ‚Q
‚P‚R‚Q‚V,έ‘ξ³•‰Θ΅—Γ‘‡γ—ΓΗ——Ώ(‡T)‹y‚Ρi‡Uj
‚P‚R‚R‚O,•‰Θ‰ζ‘f’fΗ—‰ΑZ‚Q
‚P‚R‚R‚P,γ{`¬piΪ“®‚π”Ί‚¤κ‡‚Ιΐ‚ιBjA‰Ί{`¬piΪ“®‚π”Ί‚¤κ‡‚Ιΐ‚ιBji•‰Θf—Γj
‚P‚R‚R‚Q,L”ΝΝ{x^‘•’u–„“όθp
‚P‚R‚R‚R,•‰Θf—Γ“Α•Κ‘Ξ‰Ag‰ΑZ
‚P‚R‚R‚S,•‰Θ‰ζ‘f’fΗ—‰ΑZ‚P
‚P‚R‚R‚T,έ‘ξ•‰Θγ—Γ„i‰ΑZ
‚P‚R‚R‚U,•‰Θϋoƒƒnƒrƒƒe[ƒVƒ‡ƒ“—Ώ‚Q
‚P‚R‚R‚V,•‰Θ“_”•\‘ζ‚QΝ‘ζ‚W•”’u‚Μ’Κ‘¥‘ζ‚U†‚Ιf‚°‚ι’u‚Μ‹x“ϊ‰ΑZ‚P
‚P‚R‚R‚W,•‰Θ“_”•\‘ζ‚QΝ‘ζ‚W•”’u‚Μ’Κ‘¥‘ζ‚U†‚Ιf‚°‚ι’u‚ΜΤO‰ΑZ‚P
‚P‚R‚R‚X,•‰Θ“_”•\‘ζ‚QΝ‘ζ‚W•”’u‚Μ’Κ‘¥‘ζ‚U‡‚Ιf‚°‚ι’u‚Μ[–ι‰ΑZ‚P {έξ€ƒR[ƒh  {έξ€
‚P‚R‚S‚O,‚b‚`‚c^‚b‚`‚l¥
‚P‚R‚S‚P,•‰Θ“_”•\‘ζ‚QΝ‘ζ‚X•”θp‚Μ’Κ‘¥‘ζ‚X†‚Ιf‚°‚ιθp‚Μ‹x“ϊ‰ΑZ‚P
‚P‚R‚S‚Q,•‰Θ“_”•\‘ζ‚QΝ‘ζ‚X•”θp‚Μ’Κ‘¥‘ζ‚X†‚Ιf‚°‚ιθp‚ΜΤO‰ΑZ‚P
‚P‚R‚S‚R,•‰Θ“_”•\‘ζ‚QΝ‘ζ‚X•”θp‚Μ’Κ‘¥‘ζ‚X†‚Ιf‚°‚ιθp‚Μ[–ι‰ΑZ‚P
‚P‚R‚S‚S,ϋo•a—f’fΗ—‰ΑZ‚P
‚P‚R‚S‚T,ϋo•a—f’fΗ—‰ΑZ‚Q
‚P‚R‚S‚U,‚©‚©‚θ‚Β‚―•‰Θγ‹@”\‹­‰»^•‰Θf—Γ
‚P‚R‚S‚V,•‰Θ–K–βf—Γ—Ώ‚Μ’‚P‚R‚Ι‹K’θ‚·‚ιξ€
‚P‚R‚S‚W,—L°‹`•™π‹@”\Έ
‚P‚R‚S‚X,θp—p°”χ‹Ύ‰ΑZ
‚P‚R‚T‚O,•’[Ψθp‚Μ’‚R
